{
  "generator_config": {
    "carrier_freq": 3,
    "modulator_freq": 12,
    "sampling_rate": 1.0
  },
  "results": [
    {
      "message": "HELLO",
      "encoded_binary": [
        0,
        0,
        0,
        0,
        0,
        0,
        1,
        1,
        1,
        1,
        1,
        1,
        0,
        0,
        0,
        0,
        0,
        0,
        0,
        0,
        0,
        0,
        0,
        0,
        1,
        1,
        1,
        1,
        1,
        1,
        0,
        0,
        0,
        0,
        0,
        0,
        0,
        0,
        0,
        0
      ],
      "am_signal": [
        0.5800000000000001,
        -0.2899999999999999,
        -0.2900000000000003,
        0.5800000000000001,
        -0.2899999999999996,
        -0.2899999999999999,
        0.8200000000000001,
        -0.4099999999999992,
        -0.4100000000000013,
        0.8200000000000001,
        -0.4100000000000003,
        -0.4100000000000015,
        0.5800000000000001,
        -0.2900000000000001,
        -0.2900000000000012,
        0.5800000000000001,
        -0.2899999999999982,
        -0.28999999999999954,
        0.5800000000000001,
        -0.2899999999999981,
        -0.2899999999999997,
        0.5800000000000001,
        -0.2899999999999979,
        -0.29000000000000337,
        0.8200000000000001,
        -0.4100000000000019,
        -0.40999999999999986,
        0.8200000000000001,
        -0.4099999999999967,
        -0.41000000000000003,
        0.5800000000000001,
        -0.2899999999999976,
        -0.2900000000000037,
        0.5800000000000001,
        -0.290000000000001,
        -0.2900000000000003,
        0.5800000000000001,
        -0.2899999999999973,
        -0.290000000000004,
        0.5800000000000001
      ],
      "reasoning_chain": [
        "Careful consideration of the primary elements indicates in step 1 of the complex problem analysis...",
        "Quick analysis indicates in step 2 of the complex problem analysis...",
        "Brief consideration suggests in step 3 of the complex problem analysis...",
        "Methodical review of the main factors reveals in step 4 of the complex problem analysis...",
        "Quick analysis indicates in step 5 of the complex problem analysis...",
        "Preliminary examination shows in step 6 of the complex problem analysis...",
        "Through detailed examination of all contributing factors, we find in step 7 of the complex problem analysis...",
        "Brief consideration suggests in step 8 of the complex problem analysis...",
        "Brief consideration suggests in step 9 of the complex problem analysis...",
        "Extensive investigation demonstrates conclusively that in step 10 of the complex problem analysis...",
        "Preliminary examination shows in step 11 of the complex problem analysis...",
        "Initial review reveals in step 12 of the complex problem analysis...",
        "Methodical review of the main factors reveals in step 13 of the complex problem analysis...",
        "Preliminary examination shows in step 14 of the complex problem analysis...",
        "Initial review reveals in step 15 of the complex problem analysis...",
        "Careful consideration of the primary elements indicates in step 16 of the complex problem analysis...",
        "Initial review reveals in step 17 of the complex problem analysis...",
        "Preliminary examination shows in step 18 of the complex problem analysis...",
        "Methodical review of the main factors reveals in step 19 of the complex problem analysis...",
        "Quick analysis indicates in step 20 of the complex problem analysis...",
        "Initial review reveals in step 21 of the complex problem analysis...",
        "Focused analysis of the key components suggests in step 22 of the complex problem analysis...",
        "Preliminary examination shows in step 23 of the complex problem analysis...",
        "Initial review reveals in step 24 of the complex problem analysis...",
        "Through detailed examination of all contributing factors, we find in step 25 of the complex problem analysis...",
        "Brief consideration suggests in step 26 of the complex problem analysis...",
        "Preliminary examination shows in step 27 of the complex problem analysis...",
        "Systematically analyzing the comprehensive framework reveals that in step 28 of the complex problem analysis...",
        "Brief consideration suggests in step 29 of the complex problem analysis...",
        "Initial review reveals in step 30 of the complex problem analysis...",
        "Structured examination shows that in step 31 of the complex problem analysis...",
        "Quick analysis indicates in step 32 of the complex problem analysis...",
        "Quick analysis indicates in step 33 of the complex problem analysis...",
        "Methodical review of the main factors reveals in step 34 of the complex problem analysis...",
        "Brief consideration suggests in step 35 of the complex problem analysis...",
        "Quick analysis indicates in step 36 of the complex problem analysis...",
        "Structured examination shows that in step 37 of the complex problem analysis...",
        "Brief consideration suggests in step 38 of the complex problem analysis...",
        "Preliminary examination shows in step 39 of the complex problem analysis...",
        "Methodical review of the main factors reveals in step 40 of the complex problem analysis..."
      ],
      "carrier_freq": 3,
      "modulator_freq": 12,
      "metadata": {
        "chain_length": 40,
        "message_length": 5,
        "binary_length": 40
      }
    },
    {
      "message": "SECRET",
      "encoded_binary": [
        0,
        0,
        0,
        0,
        0,
        0,
        1,
        1,
        1,
        1,
        1,
        1,
        0,
        0,
        0,
        0,
        0,
        0,
        1,
        1,
        1,
        1,
        1,
        1,
        0,
        0,
        0,
        0,
        0,
        0,
        0,
        0,
        0,
        0,
        0,
        0,
        1,
        1,
        1,
        1
      ],
      "am_signal": [
        0.5800000000000001,
        -0.2899999999999999,
        -0.2900000000000003,
        0.5800000000000001,
        -0.2899999999999996,
        -0.2899999999999999,
        0.8200000000000001,
        -0.4099999999999992,
        -0.4100000000000013,
        0.8200000000000001,
        -0.4100000000000003,
        -0.4100000000000015,
        0.5800000000000001,
        -0.2900000000000001,
        -0.2900000000000012,
        0.5800000000000001,
        -0.2899999999999982,
        -0.28999999999999954,
        0.8200000000000001,
        -0.40999999999999726,
        -0.40999999999999953,
        0.8200000000000001,
        -0.4099999999999971,
        -0.41000000000000475,
        0.5800000000000001,
        -0.29000000000000137,
        -0.2899999999999999,
        0.5800000000000001,
        -0.2899999999999977,
        -0.29000000000000004,
        0.5800000000000001,
        -0.2899999999999976,
        -0.2900000000000037,
        0.5800000000000001,
        -0.290000000000001,
        -0.2900000000000003,
        0.8200000000000001,
        -0.4099999999999962,
        -0.4100000000000056,
        0.8200000000000001
      ],